{"cameraMode":{"drawMode":0,"name":"Shaded","section":"Shading Mode"},"sceneLighting":true,"audioPlay":false,"sceneViewState":{"showFog":true,"showMaterialUpdate":false,"showSkybox":true,"showFlares":true,"showImageEffects":true,"showParticleSystems":true},"in2DMode":false,"pivot":{"x":-72.42568969726563,"y":-397.2666931152344,"z":-81.5087890625},"rotation":{"x":-0.06182299926877022,"y":0.8900429010391235,"z":-0.4335733950138092,"w":-0.12683552503585816},"size":306.93902587890627,"orthographic":false}