{"cameraMode":{"drawMode":0,"name":"Shaded","section":"Shading Mode"},"sceneLighting":true,"audioPlay":false,"sceneViewState":{"showFog":true,"showMaterialUpdate":false,"showSkybox":true,"showFlares":true,"showImageEffects":true,"showParticleSystems":true},"in2DMode":false,"pivot":{"x":36.92839050292969,"y":7.41561222076416,"z":269.0506591796875},"rotation":{"x":0.07191473990678787,"y":-0.12502749264240266,"z":0.008921699598431588,"w":0.9900450110435486},"size":5.354530334472656,"orthographic":false}